{
  "data": [
    {
      "id": "SunJul302023at12:00",
      "date": "2023-07-30",
      "time": "12:00",
      "text": "Event for Sun Jul 30 2023 at 12:00"
    },
    {
      "id": "SunAug062023at18:30",
      "date": "2023-08-06",
      "time": "18:30",
      "text": "Event0 for Sun Aug 06 2023 at 18:30"
    },
    {
      "id": "MonAug072023at18:30",
      "date": "2023-08-07",
      "time": "18:30",
      "text": "Event1 for Mon Aug 07 2023 at 18:30"
    },
    {
      "id": "WedAug092023at13:00",
      "date": "2023-08-09",
      "time": "13:00",
      "text": "Event3 for Wed Aug 09 2023 at 13:00"
    },
    {
      "id": "MonAug142023at11:30",
      "date": "2023-08-14",
      "time": "11:30",
      "text": "Event1 for Mon Aug 14 2023 at 11:30"
    },
    {
      "id": "ThuAug172023at11:30",
      "date": "2023-08-17",
      "time": "11:30",
      "text": "Event4 for Thu Aug 17 2023 at 11:30"
    },
    {
      "id": "SunAug132023at12:30",
      "date": "2023-08-13",
      "time": "12:30",
      "text": "Event0 for Sun Aug 13 2023 at 12:30"
    },
    {
      "id": "SunJul302023at12:30",
      "date": "2023-07-30",
      "time": "12:30",
      "text": "Event0 for Sun Jul 30 2023 at 12:30"
    },
    {
      "id": "SunJul302023at18:30",
      "date": "2023-07-30",
      "time": "18:30",
      "text": "Event0 for Sun Jul 30 2023 at 18:30"
    },
    {
      "id": "TueAug012023at23:00",
      "date": "2023-08-01",
      "time": "23:00",
      "text": "Event2 for Tue Aug 01 2023 at 23:00"
    },
    {
      "id": "ThuAug032023at17:30",
      "date": "2023-08-03",
      "time": "17:30",
      "text": "Event4 for Thu Aug 03 2023 at 17:30"
    },
    {
      "id": "WedAug022023at23:00",
      "date": "2023-08-02",
      "time": "23:00",
      "text": "Event3 for Wed Aug 02 2023 at 23:00"
    },
    {
      "id": "ThuAug032023at13:00",
      "date": "2023-08-03",
      "time": "13:00",
      "text": "Event4 for Thu Aug 03 2023 at 13:00"
    },
    {
      "id": "TueAug012023at18:30",
      "date": "2023-08-01",
      "time": "18:30",
      "text": "Event2 for Tue Aug 01 2023 at 18:30"
    },
    {
      "id": "SunJul302023at13:00",
      "date": "2023-07-30",
      "time": "13:00",
      "text": "Event0 for Sun Jul 30 2023 at 13:00"
    },
    {
      "id": "ThuAug032023at14:30",
      "date": "2023-08-03",
      "time": "14:30",
      "text": "Event4 for Thu Aug 03 2023 at 14:30"
    },
    {
      "id": "SunAug202023at8:00",
      "date": "2023-08-20",
      "time": "8:00",
      "text": "Event0 for Sun Aug 20 2023 at 8:00"
    },
    {
      "id": "SunAug202023at8:30",
      "date": "2023-08-20",
      "time": "8:30",
      "text": "Event0 for Sun Aug 20 2023 at 8:30"
    },
    {
      "id": "WedAug022023at17:00",
      "date": "2023-08-02",
      "time": "17:00",
      "text": "Event3 for Wed Aug 02 2023 at 17:00"
    },
    {
      "id": "SunJul302023at11:30",
      "date": "2023-07-30",
      "time": "11:30",
      "text": "Event0 for Sun Jul 30 2023 at 11:30"
    }
  ]
}